急なのですが明日部屋を取りたいです,予約
部屋は空いてますか,予約
部屋を予約したいです,予約
部屋の予約をしてもいいですか,予約
どこの部屋が空いていますか,予約
男性のシングルで部屋を予約したい,予約
シングルの部屋はありますか,予約
空いている部屋で予約したい,予約
部屋の予約をしてちょーだい,予約
部屋ば取りたい,予約
どこん部屋の空いてる,予約
空いとる部屋はあっけんか聞きよったい,予約
どこん部屋が空いていまっしゃろか,予約
一部屋予約したいのですが,予約
部屋は空いてまっしゃろか,予約
部屋を取りたいねん,予約
部屋を予約したいねん,予約
部屋の予約をしてもかまへんか,予約
シングルん部屋はあるかえ,予約
空いちょん部屋はあるか聞きてえ,予約
部屋ば取りたかばい,予約
部屋は空いとーと,予約
部屋ば予約したかばい,予約
部屋ん予約ばしたっちゃよかか,予約
どこん部屋が空いとーと,予約
シングルん部屋はあると,予約
空いとー部屋はあるか聞きたか,予約
シングルの部屋はあっけ,予約
空いとる部屋はあるか聞きたい,予約
部屋ちゃ空いとるか,予約
部屋の予約をしてもいいやけ,予約
二人で部屋を予約したい,予約
スイートルームを予約したい,予約
13日に部屋を取ってほしい,予約
まだ部屋は埋まってないですか,予約
宿泊したいので予約してほしい,予約
空いてる部屋はのこってますか,予約
空室はありますか,予約
宿泊したいです,予約
2泊で予約したい,予約
泊まりたい,予約
素泊まりで予約したい,予約
素泊まりでなんぼか,予約
空いとー部屋はのこっとーと,予約
空室はあると,予約
宿泊したかばい,予約
2泊で予約したか,予約
泊まりたか,予約
素泊まりでいくらと,予約
どこの部屋が空いとるか,予約
前に泊まったときはもっと安かった気がする,予約
何泊まで宿泊できますか,予約
男女二人で同じ部屋とれますか,予約
五人分部屋とるんで安くなりますか,予約
今の時期って部屋空いてますか,予約
ツインで空いてるところあるかい,予約
キングサイズのベッドおいてるとこがいい,予約
三ヶ月先の予約していいですか,予約
何日前までなら予約できますか,予約
当日予約ってできますか,予約
眺めのいいところを一部屋とってほしい,予約
1番高い部屋をお願いするよ,予約
非常階段が近いところならどこでも大丈夫です,予約
ハネムーンで行くので思い出に残るような部屋でお願いします,予約
急で申し訳ないんですけど、一番大きい部屋が欲しいです,予約
二部屋欲しいんですけど、チェックインは何時までですか,予約
禁煙の部屋欲しいです,予約
部屋の設備はどんな感じになってますか,予約
今週の土日で部屋とりたいんですけど、いけますか,予約
大人３にんで泊まれるところ探してます,予約
予約の変更をしたい,変更
変更してもいいですか,変更
日程をずらしたい,変更
日程を変えたい,変更
部屋の変更をしたい,変更
部屋を変えたい,変更
日程の変更をしたい,変更
部屋を変えてほしい,変更
別のところにしてほしい,変更
別の部屋に変えたい,変更
別のとこにしてちょーだい,変更
変更してちょーだい,変更
部屋ば変えたい,変更
部屋ば変えてほしか,変更
別んとこにしてほしか,変更
別んとこに変えたい,変更
変更してもかまへんか,変更
予約の変更ばしたい,変更
変更してもいいじゃか,変更
日程ば変えて,変更
部屋の変更ばしたい,変更
部屋ば変えて,変更
日程の変更ばしたい,変更
部屋ば変えてほしい,変更
変更してもいいやけ,変更
部屋を変えてほしか,変更
別ん部屋にしてほしか,変更
予約ん変更ばしたか,変更
変更したっちゃよかか,変更
日程ばずらしたか,変更
日程ば変えたか,変更
部屋ん変更ばしたか,変更
部屋ば変えたか,変更
日程ん変更ばしたか,変更
部屋ば変えてほしか,変更
別ん部屋にしてほしか,変更
別ん部屋に変えたか,変更
変更してもええどすか,変更
部屋を変えてほしおす,変更
予約を取り直したい,変更
部屋を取り直したい,変更
宿泊プランを変えたい,変更
変更は可能ですか,変更
予約ば取り直したか,変更
部屋ば取り直したか,変更
宿泊プランば変えたか,変更
変更は可能と,変更
変更ちゃ可能やけ,変更
変更は可能かしら,変更
別の部屋にしてほしおす,変更
急で申し訳ないんですけど、部屋を変えて欲しい,変更
もっと眺めのいい部屋にして欲しい,変更
たばこのにおいが残ってるから別の部屋に変えてくれ,変更
宿泊人数に少し変更があって、大人二人増やして欲しい,変更
明日で予約してたけど、部屋の変更って出来ますか,変更
プランの変更って出来ますか,変更
渋滞してて、チェックイン時間に間に合わないかもしれないです,変更
素泊まりから一泊に変更できる？,変更
宿泊日数を増やすことって今からでも出来る？,変更
日にち間違えてて、一週間ずらせない？,変更
23日に予約してる田中と言います。シングルからツインに変更して欲しいです,変更
すいません、明日泊まる予定の鈴木です。チェックイン予定時間を少し遅くして欲しいです,変更
プラン変更っていつまでならできますか？,変更
学割プランに変えてほしいんですけども,変更
畳のある部屋に変えて欲しいです,変更
三泊で予約していたのですが一泊に減らすことって出来ますか？,変更
スイートルームに変えてくれ,変更
朝食付きにプラン変更したい,変更
朝食は無しに変えといてくれ,変更
男女二人から男一人に変更してくれ,変更
キャンセルしたい,解約
キャンセルしたいんやけど,解約
キャンセルしてほしい,解約
キャンセルしてもらいたい,解約
取り消してほしい,解約
取り消したい,解約
取りやめたい,解約
取りやめてほしい,解約
取り消してもらいたい,解約
解約してほしい,解約
解約したい,解約
キャンセルしたいのですが,解約
キャンセルしてほしおす,解約
取りやめてほしおす,解約
部屋を解約してほしおす,解約
解約したいんやけど,解約
予約ばキャンセルしたか,解約
部屋ばキャンセルしたか,解約
キャンセルしてほしか,解約
キャンセルしてもらいたか,解約
宿泊ば取り消してほしか,解約
予約ば取り消したか,解約
宿泊ば取りやめたか,解約
予約ば取りやめてほしか,解約
取り消してもらいたか,解約
部屋ば解約してほしか,解約
解約したか,解約
キャンセルしたかっちゃけど,解約
キャンセルしたかとけど,解約
キャンセルしたいのんだども,解約
宿泊の取り消しはできますか,解約
行けなくなりました,解約
キャンセルでお願いします,解約
宿泊をキャンセルでお願いします,解約
部屋ん取り消しはできると,解約
行けんくなった,解約
取り消しはできっけ,解約
行けんくなった,解約
宿泊を消してほしい,解約
予約を消したい,解約
都合が悪くなった,解約
宿泊ば消してほしか,解約
予約ば消したか,解約
都合が悪うなった,解約
予約を消してほしおす,解約
都合が悪なった,解約
宿泊を無くしてほしい,解約
キャンセルできますか,解約
予約ば無うしてほしか,解約
キャンセルできっけ,解約
急ですいません、部屋をキャンセルしてほしいんですが,解約
11日にとってた部屋なんですけど解約したいです,解約
急に申し訳ないのですが、宿泊をキャンセルしたいです,解約
急に予定が入り、行けなくなりました,解約
体調が優れないので今日の宿泊は行けません,解約
やっぱり、部屋の予約は無かったことにしてくれ,解約
4日に宿泊予定だったが取りやめて欲しい,解約
用事が出来たため今日の宿泊はキャンセルで,解約
もっといいホテルを見つけてしまったから、こっちはキャンセルでよろ,解約
宿泊するつもりだったが行けそうにないため、部屋の予約は取り消しといてくれ,解約
予定が頓挫してしまって、せっかく部屋を取ってもらってたが、無しにしてくれ,解約
別のホテルの方が良さそうだったから、こっちの部屋は解約しといてくれ,解約
知り合いからこのホテルの悪評を聞いてしまって、この部屋で泊まりたくない,解約
前日にキャンセルは出来るか聞きたい,解約
いつまでならキャンセル料は発生しない？,解約
電話で予約の取り消しをお願いしたのだが反映されてないぞ,解約
佐藤で予約している者だが、部屋をキャンセルして欲しい,解約
台風で行けなくなってしまった。この場合でもキャンセル料ってかかる？,解約
下見したらひどいホテルだった。部屋を解約しといてくれ,解約
思いの外天候が悪い。別のところで泊まるから予約は消してくれ,解約
ラーメンが好きだ,その他
必ず幸せにする。結婚してほしい,その他
トイレに行きたいのですがどこにありますか,その他
そろそろ12時だしどこか昼飯食べに行くか,その他
推しの子が引退してしまって落ち込んでいる,その他
引っ越し業者さんに差し入れしとこう,その他
今年の研究の成果は学会を驚かせるだろう,その他
自分一人では決して敵うことは出来なかった。皆のおかげだ,その他
私は正直、君の正体が宇宙人であると思っている,その他
僕はまだ3歳なのであなたが何を言っているか分からない,その他
俺が悪かったのは明らかだ,その他
おまえはまだ群馬を知らない,その他
教師と生徒の禁断の恋を目撃する,その他
運転中にカーナビに視線を向けたら犯罪です,その他
それがしの願いはただ一つ、復讐を成し遂げることで候,その他
さっきからうちのことチラチラ見てたよね、ナンパか,その他
わしは子供の頃から女性というものに興味があった,その他
昨日学校に忘れ物をした,その他
きっと悪魔は人の心にいるのだろう,その他
出席番号は18番です,その他
引き継ぎは年明け前には終わらせる,その他
住所は高岡である,その他
腹が減っては戦は出来ぬ,その他
コンタクトレンズは己との戦いだ,その他
夏休みデビューをした少年,その他
推しは推せるときに推せ,その他
君は蒼い蝶を見たことはあるかい,その他
自由研究を忘れるのはテッパン,その他
封印されし左手の小指が疼く、血を欲しているのか,その他
健康になるには睡眠、食事、ストレス発散が必要,その他
絵を描くのは好きだが、うまいとは言ってない,その他
その選択が間違っていないことを祈ってるよ,その他
教科書の使い道は、枕と高さ調節の台のみである,その他
前向きにネガティブだが、それでいい,その他
給食は皆で食べるからおいしいのかもしれない,その他
野球しようぜ,その他
汗臭くとも、友達だ,その他
人生について考える時がいずれ訪れるだろう,その他
正直、私はあなたが嫌いです,その他
ど田舎で開催する演奏会ほどむなしいものは無い,その他
引き出しを開ける,その他
さりげなく引き出しを閉める,その他
豪快に引き出しを壊した,その他
私の鍵は引き出しの中にある,その他
引き出しとには秘密が入っている,その他
振り込め詐欺に遭う,その他
お年寄りを狙う振り込み詐欺は死んだ方がいい,その他
最近、振り込め詐欺の被害が拡大している,その他
実家が振り込み詐欺にあったばかりだ,その他
振り込め詐欺をする相手を探している,その他
預金通帳を無くした,その他
昨日、定期預金を解約した,その他
預金をしたいがために通帳を作る,その他
現代の預金通帳は高性能である,その他
預金とは全く関係が無いことだが、昨夜猫を車で轢いた,その他
振り込みがしたいです,その他
振り込みたい,その他
振り込みしたい,その他
振込でお願いします,その他
振り込みに来た,その他
お振込みします,その他
振り込みたいんですけど,その他
振り込みに来たんじゃけ,その他
振り込みたいんやけど,その他
振り込みたいと思ってます,その他
振り込みます,その他
振り込みやって,その他
振り込みやで,その他
振り込みたいだっちゃ,その他
振り込みたいんよ,その他
振り込みになります,その他
振り込みに来たんちゃ,その他
振り込みたいんじゃ,その他
振り込みで,その他
振り込みたいんでな,その他
振り込みするでな,その他
振り込んどく,その他
振り込みしとく,その他
振り込みせな,その他
振り込みてえ,その他
振り込みしたか,その他
振り込みしよごたる,その他
振り込みたいて思う,その他
振り込みてゃー,その他
振り込みすたい,その他
振り込みに来だ,その他
振り込みだい,その他
振り込みんかい来た,その他
振り込みぶさん,その他
振り込みに来たわよ,その他
振り込みたいわ,その他
振り込みますわよ,その他
振り込みたいと思うわ,その他
振り込みに参った,その他
振り込みでお願いするがで,その他
振り込みで頼む,その他
振り込みに来よる,その他
振り込みに来やはった,その他
振り込みさ来た,その他
振り込みがしたいねん,その他
振り込みに来よった,その他
振り込みしたいお,その他
振り込みをしに来ました,その他
振込でお願いするがで,その他
振り込みします,その他
うちは振り込みをしたい,その他
振り込みを、私はしたい,その他
私はしたい、振り込みを,その他
振り込みをしたい、うちが,その他
僕は振り込みをしたい,その他
振り込みを、僕はしたい,その他
僕はしたい、振り込みを,その他
振り込みをしたい、僕が,その他
うちは振り込みをしに来た,その他
私は振り込みをしたいと思う,その他
私はお金を振り込みたい,その他
私だ、振り込みたい,その他
すいません、振り込みたいです,その他
振込をしたいのですが、よろしいですか,その他
申し訳ないのですが、振り込みをお願いしたいです,その他
自分は振り込みに来たのですが、手続き方法を教えてほしいです,その他
僕は100万円を振り込みに来た,その他
ネットショッピングでの代金を振り込みしたい,その他
先日、オークションで落札した壺の代金を今日中に振り込まなければならない,その他
俺の目的は、無事にお金を振り込むことだ,その他
正直、僕はATMの使い方がよく分からないんだけど、振り込みってどうしたらいいですか,その他
いつも自分は、詐欺にだまされないよう慎重に振り込みをしている,その他
すいません、振り込みの手数料計算の仕方を教えてください,その他
自分では気づいてなかったが、振り込みは窓口でもできたのか,その他
ATMの使い方に自信が無いので、窓口で振り込みをしたい,その他
振込ばしたかっちゃけど、よろしかと,その他
申し訳なかっちゃが、振り込みばお願いしたかばい,その他
自分は振り込みに来たんやが、手続き方法ば教えてほしか,その他
自分では気づいとらんかったが、振り込みは窓口でもできたんか,その他
ATMに自信が無かけん、窓口で振り込みばしたか,その他
昨日、オークションで落札した物ん代金ば今日中に振り込まなならん,その他
俺は今日、初めてATMで振り込みとやらを行う,その他
俺は先月電気代の支払いを忘れて痛い目に遭ったので、今月こそはしっかり振り込んでおく,その他
Amazonで買った本の代金を銀行で振り込む,その他
俺はいつも振り込みの時、手数料が分からなくなる,その他
実は俺、振り込みをATMでしたこと無くて、いつも窓口でやってもらってて,その他
わし機械が苦手で、ちょっと手伝ってほしいんじゃが、息子の大学に授業料を振り込みたくて,その他
わしの場合、この振込手数料は830円であってるかの,その他
いつもは婆さんに任せてるから、わしはATMに慣れて無くての、水道料金を払いたいんじゃが,その他
わしの代わりに振り込んでくれんか,その他
わしは振り込みをしに来たんじゃが、機械の使い方が分からん,その他
うちはやり方分からんから、振り込みの仕方教えてくれんか,その他
うちが前にやったのは数年前やけど、手数料とか変わってるけ,その他
ちゃんと振り込めたか確認したいんやが,その他
通販で買ったやつの代金を払いたいけど、やり方が分からん,その他
振り込みができよーか確認したかっちゃけど,その他
通販で買うたやつん代金ば払いたかばってん,その他
ATMは自信ないから窓口で振り込みしたい,その他
振り込み時の手数料の負担人ってどっちですか,その他
前来た時に振り込みを手伝ってくれて、またお願いしたいんですが,その他
大学にいる娘の口座に3万円振り込みたい,その他
毎月2万円を息子に仕送りしている,その他
受験費用を期限までに振り込まなければならない,その他
月末に決済があるから今日の内にお金を振り込んでほしい,その他
きちっと振り込んでくれないとこちらも困るんですよ,その他
振り込む期日はとっくに過ぎてるんですけど,その他
慰謝料が振り込まれてないんですけど忘れてないですよね,その他
ぶつかってきたのはそっちなんだから修理費用をしっかり振り込んでおいて,その他
孫が会社で大きなミスをしたらしくて、それの補填として2000万振り込まなければならなくなった,その他
君に会いたいがために、毎回この銀行で振り込んでいるのだよ、レディ,その他
自分でも分かってないが、この道を通るとなぜかいつも振り込みたくなる,その他
大好きなライブのチケットを怪しいサイトで購入するために代金を振り込みに来た,その他
振り込むためには、相手の銀行、口座番号が必要です,その他
母の入院費用を毎月病院に振り込んでいる,その他
半年に一度、単身赴任中の父から仕送りが振り込まれるはずだ,その他
部費を振り込んでない奴があと数人いるぞ,その他
振り込みのやり方が分からない人がいたらワイが手取り足取りレッスンしたるで,その他
別の銀行の口座に振り込みたいんですけど、その場合手数料は増えますか,その他
最近降込んだはずだが、先方には振り込まれてないと言われてしまって,その他
銀行で降込みをするときに気をつけたらいいことはありますか,その他
引き出したい,その他
引き出しに来た,その他
下ろしに来た,その他
下ろしたい,その他
引き出したいと思う,その他
下ろしたいと思う,その他
引き出しでお願いします,その他
引き出しでお願いするわ,その他
引き出しさ来た,その他
引き出しに来やはった,その他
下ろしに来やはった,その他
引き出しでたのんます,その他
引き出しに来よる,その他
下ろしに来よる,その他
引き出したばいいっち思う,その他
下ろしたばいいっち思う,その他
引き出しでお願いするけんね,その他
引き出しでお願いするがで,その他
引き出したいでござる,その他
引き出しに参った,その他
下ろしに参った,その他
下ろしたいでござる,その他
引き出してえ,その他
引き出したか,その他
下ろしてえ,その他
引き出してえち思う,その他
下ろしてえち思う,その他
下ろしたか,その他
引き出したかて思う,その他
下ろしたかて思う,その他
引き出したい思う,その他
下ろしたい思う,その他
引き出したいて思う,その他
下ろしたいて思う,その他
下ろしたいんよ,その他
引き出したいんよ,その他
引き出してえ,その他
下ろしてえ,その他
引き出しに来たわよ,その他
引き出したいわ,その他
下ろしに来たわよ,その他
下ろしたいわ,その他
引き出したいと思うわ,その他
下ろしたいと思うわ,その他
引き出しでお願いしますわよ,その他
引き出したいです,その他
下ろしたいです,その他
下ろすっちゃ,その他
引き出しじゃけ,その他
引き出したいんですけど,その他
私はお金を引き出しに来た,その他
私はお金を下ろしたい,その他
2万円下ろしたい、私は,その他
引き下ろしに来た、私は,その他
引き下ろしがしたくて私は銀行に来た,その他
僕はお金を引き出しに来た,その他
僕が来たのはお金を下ろすためだ,その他
お金を下ろしたい、僕は,その他
引き下ろしに来た、僕は,その他
引き下ろしがしたくて僕はATMを探した,その他
自分はお金を引き出しに来た,その他
自分の目的はお金を引き出すことだ,その他
お金を下ろしたいと思う、自分は,その他
引き下ろしに来た、自分は,その他
引き下ろしがしたくて自分はやってきた,その他
俺はお金を引き出しに来た,その他
俺は現金を引き出しに来た,その他
お金を下ろしたい、俺は,その他
引き下ろしたい、俺は,その他
俺は買い物のためにお金を下ろしに来た,その他
うちはお金ば引き出したか,その他
うちは現金ば引き出そうて思うとー,その他
現金を下ろしに来た、うちは,その他
引き下ろしたい、うちは,その他
うちが銀行に来たのは、引き下ろしをするためだ,その他
わしは5万円引き出したか,その他
わしは現金ば引き出しに来た,その他
現金を下ろしたい、わしは,その他
お金を下ろしに来た、わしが,その他
わしは年金が入ったから孫のために引き下ろしておこう,その他
福沢諭吉に会いたい,その他
深夜の引き下ろしには手数料がかかってしまう,その他
口座からいくらかお金を出したい,その他
ATMに慣れてないから、窓口でお金を出してもらう,その他
引き下ろしがしとうて銀行に来た,その他
野口英世に会いたか,その他
ATMに慣れとらんけん、窓口でお金ば出してもらう,その他
樋口一葉を3人引き出す,その他
最近出費が激しくて、多めに下ろしておこう,その他
預金を崩したいのだけどATMの使い方が分からん,その他
一度に引き下ろせる金額はいくらですか,その他
コンビニより銀行のATMで直接お金を下ろす方が手数料がかからん,その他
ATMで現金を引き出したいが何時まで開いてるか,その他
最近出費が激しゅうて、多めに下ろしとこう,その他
お金ば引き出したかが何時まで開いとーか,その他
口座から引き出したいんだが、うまくいかない,その他
娘が事故を起こしたらしく、すぐに現金が必要で,その他
次は絶対勝てるから1万だけ下ろしたい,その他
通帳でのお金の下ろし方が分からない,その他
詐欺には気をつけているが、今すぐ大金が要ると言われたので下ろす,その他
急遽、口座を変える必要が出来たので全額引き出したい,その他
息子が通帳を勝手に持ち出し、お金を下ろしていた,その他
父はいつでもお金を下ろせるように、常に通帳と印鑑を持ち歩いている,その他
お金を引き出すときに気をつけることはありますか,その他
お金を下ろすには、通帳と印鑑もしくはカードが必要である,その他
先月は、お金を引き出しすぎたので今月は押さえるつもりだ,その他
こまめに引き出すより、まとめてドカンと下ろす方がスマートだと思う,その他
今すぐ500万が必要になった,その他
お札を下ろしたときにピン札が混ざっていた、今日はいいことあるかも,その他
二千円札を手に入れるためには、窓口で下ろさなければならない,その他
母が隠れてへそくり用の口座からお金を下ろしているのを見た,その他
お金を引き出す際に、暗証番号をど忘れしてしまった,その他
お金を引き下ろす時は、お気に入りの銀行窓口嬢にいつも頼んでいる,その他
お金を下ろしたかったら、我が輩を倒してから行け,その他
引き出したお金を忘れず財布に入れる,その他
コミケのために大金を引き出しておかなければ,その他
友達に自慢するために100万円を引き出す,その他
一度に下ろせる金額は決まっているはずだ,その他
ボーナスが入ったから、後輩におごるためにいくらか下ろしておこう,その他
引き出した金額が大きすぎて、銀行側でボディガードをつけてもらった,その他
預けたい,その他
預けてえ,その他
預けてえち思う,その他
預金してえ,その他
預金してえち思う,その他
預金してえんやけど,その他
預けたか,その他
預けたかばい,その他
預けたかて思う,その他
預金したか,その他
預金ばしに来た,その他
預金したかて思う,その他
預けたいち思う,その他
預金したいんじゃけ,その他
預けてー思う,その他
預金してえ思う,その他
預けてえ思う,その他
預けたい思う,その他
預金したい思う,その他
預金したいんじゃけど,その他
預けとおす,その他
預けたいや,その他
預げに来だ,その他
預金に来だ,その他
預金さ来た,その他
預金すたい,その他
預金ばしに来た,その他
預けんかい来た,その他
預金すたい,その他
預けたいわよ,その他
預けたいよ,その他
預けたいと思うわ,その他
預けに来たわよ,その他
預金したいわ,その他
預金に来たわよ,その他
預金をしに来たわよ,その他
預金したいわ,その他
預金したいと思うわ,その他
預けに来たお,その他
預けたいっちゃ,その他
預けたいです,その他
預けたいと思う,その他
預けに来た,その他
預金したい,その他
預金に来た,その他
預金をしに来た,その他
預金したい,その他
預金したいと思ってる,その他
預金したいんですけど,その他
預金でお願いします,その他
私は預金しに来た,その他
わたしはお金を預けたい,その他
預金したい、私は,その他
預けに来た、私は,その他
今日の私の目標は、忘れず預金しにいくこと,その他
僕は預金しに来た,その他
すいません、ぼくはお金を預けたいんですけど,その他
預金しに来た、ぼくは,その他
預けに来た、僕が,その他
僕はお年玉を貯金しに来た,その他
俺は預金したい,その他
おれはお金を預けに来た,その他
預金したい、俺は,その他
現金を預けに来た、俺が,その他
俺は貯まってきたお金を預金するために来ました,その他
うち、お金預けたい,その他
うちは貯金したいんやけど,その他
預金したい、うちは,その他
お金預けに来たよ、うちは,その他
うち、毎月3万円ずつ貯金してるんよ,その他
自分は預金しに参った,その他
自分はお金を預けに参った,その他
預金したいと思っている、自分は,その他
いくらかお金を預けたくてやってきた、自分が,その他
自分でお金を預けるなんていつぶりだろうか,その他
わしは貯金したい,その他
すまんが、わしはお金を預けたい,その他
預金したいのだが、わしは,その他
わざわざお金を預けに来たぞ、わしが,その他
わしの最近の楽しみはちょくちょくお金を預けて、口座の残高が増えてゆくことじゃ,その他
一度に預けられる金額を知りたい,その他
福沢諭吉を5人預ける,その他
預金したいけど、銀行は何時まで開いてる,その他
ATMでお金を預けたいのだが、通帳は使えるか,その他
一回で入れらる金額ば知りたか,その他
野口英世ば10人預くる,その他
預金したかばってん、銀行は何時まで開いとー,その他
ATMでお金ば預けたかと,その他
預金しに行きたいけど、銀行ちゃ何時まで開いとるけ,その他
口座に樋口一葉を3人入れる,その他
バイトで入ったお金をこまめに口座に入れたい,その他
拾ったお金100万円をさりげなく口座に預ける,その他
預金の時に手数料はかかりますか,その他
ATMの使い方に自信が無いので、窓口で預金をしたい,その他
口座に入金する,その他
預けるん時に手数料はかかると,その他
ATMん使い方に自信が無かけん、窓口で預金ばしたか,その他
預金したいんやけど、手数料はかかっけ,その他
60万円をすべて千円札で預けに来た,その他
すいません、預金の仕方が分からないんですけど,その他
老後のために今からお金を貯めておこう,その他
母は、こっそりとへそくり用口座にお金を貯めている,その他
男の甲斐性は、預金額で決まると言っても過言では無い,その他
娘はまじめな性格的にこつこつ貯金しているだろう,その他
なにかあったときのためにお金を貯めておきたい,その他
浪費癖のある息子に無理矢理貯金させる,その他
父は、将来の子供達のためにこまめに預金している,その他
預金しに来たが、いくら預けようか,その他
小銭もまとめて預けられますか,その他
お金を預けるときに、なにに気をつけるべきですか,その他
預金するために三千里の道のりを歩いてきた,その他
将来のためにちょっとずつでもお金を貯めてゆこう,その他
起業するために先月からお金を貯めているのだよ,その他
月末は預金すると決めていてね,その他
お金を預けたいのは山々だが、すぐ必要になるかもしれないから、とりあえず10万だけ預けておこう,その他
新しい口座を作ったし、せっかくだから20万入れておこう,その他
口座の作り方から預金の仕方まで教えてほしい,その他
さっさとお金いれて帰りたい,その他
最近、税率が上がったり何かと不安だから、貯金だけはしておきたいんですよ,その他
お金は裏切らないからたくさん持っておくにこしたことはない,その他
注文いいですか,その他
注文したいです,その他
注文します,その他
注文受け付けてますか,その他
注文してもいいですか,その他
注文は大丈夫ですか,その他
注文したいのですがかまいませんか,その他
頼んでいいですか,その他
頼みたいです,その他
頼みます,その他
頼んでもいいですか,その他
頼んで大丈夫ですか,その他
頼みたいのですがかまいませんか,その他
注文よかか,その他
注文したかばい,その他
注文する,その他
注文受け付けとーと,その他
注文したっちゃよかか,その他
注文は大丈夫と,その他
注文したかっちゃけどかまわんか,その他
頼んでよかか,その他
頼む,その他
頼んだっちゃよかか,その他
頼んで大丈夫と,その他
頼みたかっちゃけどかまわんか,その他
注文ええか,その他
注文受け付けちょるか,その他
注文してもええか,その他
注文したいんじゃがかまわんか,その他
頼んでええか,その他
頼んでもええか,その他
頼みたいんじゃがかまわんか,その他
注文ちゃ大丈夫やけ,その他
注文いいかしら,その他
注文は大丈夫かしら,その他
注文いいっすか,その他
頼んでいいやけ,その他
頼んでもいいやけ,その他
頼んで大丈夫やけ,その他
頼んでいいかしら,その他
二人前お願いします,その他
ラーメンお願いします,その他
注文お願いします,その他
パフェ一つお願いします,その他
餃子３皿お願いします,その他
プリン一つください,その他
五人前ください,その他
オレンジジュースください,その他
カレーとうどんください,その他
メニューください,その他
お会計お願いします,その他
お会計したいです,その他
会計してください,その他
会計してほしいです,その他
お会計で,その他
お支払いします,その他
支払いをしたいです,その他
支払いです,その他
支払います,その他
勘定お願いします,その他
お勘定したいです,その他
お勘定してください,その他
お勘定してほしいです,その他
勘定で,その他
おあいそです,その他
おあいそします,その他
おあいそで,その他
おあいそでお願いします,その他
いくらですか,その他
おいくらですか,その他
いくらでしたか,その他
会計したかばい,その他
会計してほしか,その他
支払いばしたかばい,その他
支払う,その他
勘定したかばい,その他
お勘定してほしか,その他
おあいそばい,その他
いくらと,その他
おいくらと,その他
いくらやったか,その他
なんぼか,その他
なんぼじゃったか,その他
なんぼですか,その他
会計してくれんけ,その他
勘定してくれんけ,その他
いくらけ,その他
なんぼやったか,その他
いくらかしら,その他
なんぼですか,その他
精算お願いします,その他
精算してほしい,その他
精算で,その他
精算してほしか,その他
精算で頼む,その他
レジお願いします,その他
レジしてほしい,その他
レジで,その他
レジしてほしか,その他
レジで頼む,その他
また来たい,その他
次も来たい,その他
また来たくなる,その他
来てよかった,その他
二度と来ない,その他
来たくない,その他
もう来ない,その他
来たくなかった,その他
おいしいです,その他
おいしい,その他
おいしかった,その他
うまい,その他
うまかった,その他
うますぎる,その他
おいしくない,その他
おいしくなかった,その他
うまくない,その他
うまくなかった,その他
まずい,その他
まずすぎる,その他
まずかった,その他
好みではない,その他
好きじゃない,その他
嫌いだ,その他
苦手だ,その他
あまい,その他
すっぱい,その他
しょっぱい,その他
にがい,その他
からい,その他
冷たい,その他
熱い,その他
かたい,その他
ちょうどいい,その他
好き,その他
お気に入りだ,その他
きれい,その他
かわいい,その他
すごい,その他
かっこいい,その他
ださい,その他
きもちわるい,その他
きたない,その他
下品だ,その他
上品だ,その他
楽しみ,その他
面白い,その他
つまらない,その他
飽きた,その他
帰りたい,その他
