注文いいですか,注文
注文したいです,注文
注文します,注文
注文受け付けてますか,注文
注文してもいいですか,注文
注文は大丈夫ですか,注文
注文したいのですがかまいませんか,注文
頼んでいいですか,注文
頼みたいです,注文
シェフの気まぐれ定食が食べたい,注文
頼んでもいいですか,注文
頼んで大丈夫ですか,注文
頼みたいのですがかまいませんか,注文
注文よかか,注文
注文したかばい,注文
日替わりメニューを食べたい,注文
注文受け付けとーと,注文
注文したっちゃよかか,注文
注文は大丈夫と,注文
注文したかっちゃけどかまわんか,注文
頼んでよかか,注文
このおすすめって奴を食べたい,注文
頼んだっちゃよかか,注文
頼んで大丈夫と,注文
頼みたかっちゃけどかまわんか,注文
注文ええか,注文
注文受け付けちょるか,注文
注文してもええか,注文
注文したいんじゃがかまわんか,注文
うどんが食べたい,注文
頼んでもええか,注文
頼みたいんじゃがかまわんか,注文
注文ちゃ大丈夫やけ,注文
カレーライス二人前を食べたい,注文
注文は大丈夫かしら,注文
注文いいっすか,注文
ハンバーグを食べたい,注文
頼んでもいいやけ,注文
頼んで大丈夫やけ,注文
頼んでいいかしら,注文
二人前お願いします,注文
ラーメンお願いします,注文
注文お願いします,注文
パフェ一つお願いします,注文
餃子３皿お願いします,注文
プリン一つください,注文
五人前ください,注文
オレンジジュースください,注文
カレーとうどんください,注文
メニューください,注文
お会計お願いします,会計
お会計したいです,会計
会計してください,会計
会計してほしいです,会計
お会計で,会計
お支払いします,会計
支払いをしたいです,会計
支払いです,会計
支払います,会計
勘定お願いします,会計
お勘定したいです,会計
お勘定してください,会計
お勘定してほしいです,会計
勘定で,会計
おあいそです,会計
おあいそします,会計
おあいそで,会計
おあいそでお願いします,会計
いくらですか,会計
おいくらですか,会計
いくらでしたか,会計
会計したかばい,会計
会計してほしか,会計
支払いばしたかばい,会計
支払う,会計
勘定したかばい,会計
お勘定してほしか,会計
おあいそばい,会計
いくらと,会計
おいくらと,会計
いくらやったか,会計
なんぼか,会計
なんぼじゃったか,会計
なんぼですか,会計
会計してくれんけ,会計
勘定してくれんけ,会計
いくらけ,会計
なんぼやったか,会計
いくらかしら,会計
なんぼですか,会計
精算お願いします,会計
精算してほしい,会計
精算で,会計
精算してほしか,会計
精算で頼む,会計
レジお願いします,会計
レジしてほしい,会計
レジで,会計
レジしてほしか,会計
レジで頼む,会計
また来たい,感想
次も来たい,感想
また来たくなる,感想
来てよかった,感想
二度と来ない,感想
来たくない,感想
もう来ない,感想
来たくなかった,感想
おいしいです,感想
おいしい,感想
おいしかった,感想
うまい,感想
うまかった,感想
うますぎる,感想
おいしくない,感想
おいしくなかった,感想
うまくない,感想
うまくなかった,感想
まずい,感想
まずすぎる,感想
まずかった,感想
好みではない,感想
好きじゃない,感想
嫌いだ,感想
苦手だ,感想
あまい,感想
すっぱい,感想
しょっぱい,感想
にがい,感想
からい,感想
冷たい,感想
熱い,感想
かたい,感想
ちょうどいい,感想
好き,感想
お気に入りだ,感想
きれい,感想
かわいい,感想
すごい,感想
かっこいい,感想
ださい,感想
きもちわるい,感想
きたない,感想
下品だ,感想
上品だ,感想
楽しみ,感想
面白い,感想
つまらない,感想
飽きた,感想
帰りたい,感想
ラーメンが好きだ,その他
必ず幸せにする。結婚してほしい,その他
トイレに行きたいのですがどこにありますか,その他
そろそろ12時だしどこか昼飯食べに行くか,その他
推しの子が引退してしまって落ち込んでいる,その他
引っ越し業者さんに差し入れしとこう,その他
今年の研究の成果は学会を驚かせるだろう,その他
自分一人では決して敵うことは出来なかった。皆のおかげだ,その他
私は正直、君の正体が宇宙人であると思っている,その他
僕はまだ3歳なのであなたが何を言っているか分からない,その他
俺が悪かったのは明らかだ,その他
おまえはまだ群馬を知らない,その他
教師と生徒の禁断の恋を目撃する,その他
運転中にカーナビに視線を向けたら犯罪です,その他
それがしの願いはただ一つ、復讐を成し遂げることで候,その他
さっきからうちのことチラチラ見てたよね、ナンパか,その他
わしは子供の頃から女性というものに興味があった,その他
昨日学校に忘れ物をした,その他
きっと悪魔は人の心にいるのだろう,その他
出席番号は18番です,その他
引き継ぎは年明け前には終わらせる,その他
住所は高岡である,その他
腹が減っては戦は出来ぬ,その他
コンタクトレンズは己との戦いだ,その他
夏休みデビューをした少年,その他
推しは推せるときに推せ,その他
君は蒼い蝶を見たことはあるかい,その他
自由研究を忘れるのはテッパン,その他
封印されし左手の小指が疼く、血を欲しているのか,その他
健康になるには睡眠、食事、ストレス発散が必要,その他
絵を描くのは好きだが、うまいとは言ってない,その他
その選択が間違っていないことを祈ってるよ,その他
教科書の使い道は、枕と高さ調節の台のみである,その他
前向きにネガティブだが、それでいい,その他
給食は皆で食べるからおいしいのかもしれない,その他
野球しようぜ,その他
汗臭くとも、友達だ,その他
人生について考える時がいずれ訪れるだろう,その他
正直、私はあなたが嫌いです,その他
ど田舎で開催する演奏会ほどむなしいものは無い,その他
引き出しを開ける,その他
さりげなく引き出しを閉める,その他
豪快に引き出しを壊した,その他
私の鍵は引き出しの中にある,その他
引き出しとには秘密が入っている,その他
振り込め詐欺に遭う,その他
お年寄りを狙う振り込み詐欺は死んだ方がいい,その他
最近、振り込め詐欺の被害が拡大している,その他
実家が振り込み詐欺にあったばかりだ,その他
振り込め詐欺をする相手を探している,その他
預金通帳を無くした,その他
昨日、定期預金を解約した,その他
預金をしたいがために通帳を作る,その他
現代の預金通帳は高性能である,その他
預金とは全く関係が無いことだが、昨夜猫を車で轢いた,その他
振り込みがしたいです,その他
振り込みたい,その他
振り込みしたい,その他
振込でお願いします,その他
振り込みに来た,その他
お振込みします,その他
振り込みたいんですけど,その他
振り込みに来たんじゃけ,その他
振り込みたいんやけど,その他
振り込みたいと思ってます,その他
振り込みます,その他
振り込みやって,その他
振り込みやで,その他
振り込みたいだっちゃ,その他
振り込みたいんよ,その他
振り込みになります,その他
振り込みに来たんちゃ,その他
振り込みたいんじゃ,その他
振り込みで,その他
振り込みたいんでな,その他
振り込みするでな,その他
振り込んどく,その他
振り込みしとく,その他
振り込みせな,その他
振り込みてえ,その他
振り込みしたか,その他
振り込みしよごたる,その他
振り込みたいて思う,その他
振り込みてゃー,その他
振り込みすたい,その他
振り込みに来だ,その他
振り込みだい,その他
振り込みんかい来た,その他
振り込みぶさん,その他
振り込みに来たわよ,その他
振り込みたいわ,その他
振り込みますわよ,その他
振り込みたいと思うわ,その他
振り込みに参った,その他
振り込みでお願いするがで,その他
振り込みで頼む,その他
振り込みに来よる,その他
振り込みに来やはった,その他
振り込みさ来た,その他
振り込みがしたいねん,その他
振り込みに来よった,その他
振り込みしたいお,その他
振り込みをしに来ました,その他
振込でお願いするがで,その他
振り込みします,その他
うちは振り込みをしたい,その他
振り込みを、私はしたい,その他
私はしたい、振り込みを,その他
振り込みをしたい、うちが,その他
僕は振り込みをしたい,その他
振り込みを、僕はしたい,その他
僕はしたい、振り込みを,その他
振り込みをしたい、僕が,その他
うちは振り込みをしに来た,その他
私は振り込みをしたいと思う,その他
私はお金を振り込みたい,その他
私だ、振り込みたい,その他
すいません、振り込みたいです,その他
振込をしたいのですが、よろしいですか,その他
申し訳ないのですが、振り込みをお願いしたいです,その他
自分は振り込みに来たのですが、手続き方法を教えてほしいです,その他
僕は100万円を振り込みに来た,その他
ネットショッピングでの代金を振り込みしたい,その他
先日、オークションで落札した壺の代金を今日中に振り込まなければならない,その他
俺の目的は、無事にお金を振り込むことだ,その他
正直、僕はATMの使い方がよく分からないんだけど、振り込みってどうしたらいいですか,その他
いつも自分は、詐欺にだまされないよう慎重に振り込みをしている,その他
すいません、振り込みの手数料計算の仕方を教えてください,その他
自分では気づいてなかったが、振り込みは窓口でもできたのか,その他
ATMの使い方に自信が無いので、窓口で振り込みをしたい,その他
振込ばしたかっちゃけど、よろしかと,その他
申し訳なかっちゃが、振り込みばお願いしたかばい,その他
自分は振り込みに来たんやが、手続き方法ば教えてほしか,その他
自分では気づいとらんかったが、振り込みは窓口でもできたんか,その他
ATMに自信が無かけん、窓口で振り込みばしたか,その他
昨日、オークションで落札した物ん代金ば今日中に振り込まなならん,その他
俺は今日、初めてATMで振り込みとやらを行う,その他
俺は先月電気代の支払いを忘れて痛い目に遭ったので、今月こそはしっかり振り込んでおく,その他
Amazonで買った本の代金を銀行で振り込む,その他
俺はいつも振り込みの時、手数料が分からなくなる,その他
実は俺、振り込みをATMでしたこと無くて、いつも窓口でやってもらってて,その他
わし機械が苦手で、ちょっと手伝ってほしいんじゃが、息子の大学に授業料を振り込みたくて,その他
わしの場合、この振込手数料は830円であってるかの,その他
いつもは婆さんに任せてるから、わしはATMに慣れて無くての、水道料金を払いたいんじゃが,その他
わしの代わりに振り込んでくれんか,その他
わしは振り込みをしに来たんじゃが、機械の使い方が分からん,その他
うちはやり方分からんから、振り込みの仕方教えてくれんか,その他
うちが前にやったのは数年前やけど、手数料とか変わってるけ,その他
ちゃんと振り込めたか確認したいんやが,その他
通販で買ったやつの代金を払いたいけど、やり方が分からん,その他
振り込みができよーか確認したかっちゃけど,その他
通販で買うたやつん代金ば払いたかばってん,その他
ATMは自信ないから窓口で振り込みしたい,その他
振り込み時の手数料の負担人ってどっちですか,その他
前来た時に振り込みを手伝ってくれて、またお願いしたいんですが,その他
大学にいる娘の口座に3万円振り込みたい,その他
毎月2万円を息子に仕送りしている,その他
受験費用を期限までに振り込まなければならない,その他
月末に決済があるから今日の内にお金を振り込んでほしい,その他
きちっと振り込んでくれないとこちらも困るんですよ,その他
振り込む期日はとっくに過ぎてるんですけど,その他
慰謝料が振り込まれてないんですけど忘れてないですよね,その他
ぶつかってきたのはそっちなんだから修理費用をしっかり振り込んでおいて,その他
孫が会社で大きなミスをしたらしくて、それの補填として2000万振り込まなければならなくなった,その他
君に会いたいがために、毎回この銀行で振り込んでいるのだよ、レディ,その他
自分でも分かってないが、この道を通るとなぜかいつも振り込みたくなる,その他
大好きなライブのチケットを怪しいサイトで購入するために代金を振り込みに来た,その他
振り込むためには、相手の銀行、口座番号が必要です,その他
母の入院費用を毎月病院に振り込んでいる,その他
半年に一度、単身赴任中の父から仕送りが振り込まれるはずだ,その他
部費を振り込んでない奴があと数人いるぞ,その他
振り込みのやり方が分からない人がいたらワイが手取り足取りレッスンしたるで,その他
別の銀行の口座に振り込みたいんですけど、その場合手数料は増えますか,その他
最近降込んだはずだが、先方には振り込まれてないと言われてしまって,その他
銀行で降込みをするときに気をつけたらいいことはありますか,その他
引き出したい,その他
引き出しに来た,その他
下ろしに来た,その他
下ろしたい,その他
引き出したいと思う,その他
下ろしたいと思う,その他
引き出しでお願いします,その他
引き出しでお願いするわ,その他
引き出しさ来た,その他
引き出しに来やはった,その他
下ろしに来やはった,その他
引き出しでたのんます,その他
引き出しに来よる,その他
下ろしに来よる,その他
引き出したばいいっち思う,その他
下ろしたばいいっち思う,その他
引き出しでお願いするけんね,その他
引き出しでお願いするがで,その他
引き出したいでござる,その他
引き出しに参った,その他
下ろしに参った,その他
下ろしたいでござる,その他
引き出してえ,その他
引き出したか,その他
下ろしてえ,その他
引き出してえち思う,その他
下ろしてえち思う,その他
下ろしたか,その他
引き出したかて思う,その他
下ろしたかて思う,その他
引き出したい思う,その他
下ろしたい思う,その他
引き出したいて思う,その他
下ろしたいて思う,その他
下ろしたいんよ,その他
引き出したいんよ,その他
引き出してえ,その他
下ろしてえ,その他
引き出しに来たわよ,その他
引き出したいわ,その他
下ろしに来たわよ,その他
下ろしたいわ,その他
引き出したいと思うわ,その他
下ろしたいと思うわ,その他
引き出しでお願いしますわよ,その他
引き出したいです,その他
下ろしたいです,その他
下ろすっちゃ,その他
引き出しじゃけ,その他
引き出したいんですけど,その他
私はお金を引き出しに来た,その他
私はお金を下ろしたい,その他
2万円下ろしたい、私は,その他
引き下ろしに来た、私は,その他
引き下ろしがしたくて私は銀行に来た,その他
僕はお金を引き出しに来た,その他
僕が来たのはお金を下ろすためだ,その他
お金を下ろしたい、僕は,その他
引き下ろしに来た、僕は,その他
引き下ろしがしたくて僕はATMを探した,その他
自分はお金を引き出しに来た,その他
自分の目的はお金を引き出すことだ,その他
お金を下ろしたいと思う、自分は,その他
引き下ろしに来た、自分は,その他
引き下ろしがしたくて自分はやってきた,その他
俺はお金を引き出しに来た,その他
俺は現金を引き出しに来た,その他
お金を下ろしたい、俺は,その他
引き下ろしたい、俺は,その他
俺は買い物のためにお金を下ろしに来た,その他
うちはお金ば引き出したか,その他
うちは現金ば引き出そうて思うとー,その他
現金を下ろしに来た、うちは,その他
引き下ろしたい、うちは,その他
うちが銀行に来たのは、引き下ろしをするためだ,その他
わしは5万円引き出したか,その他
わしは現金ば引き出しに来た,その他
現金を下ろしたい、わしは,その他
お金を下ろしに来た、わしが,その他
わしは年金が入ったから孫のために引き下ろしておこう,その他
福沢諭吉に会いたい,その他
深夜の引き下ろしには手数料がかかってしまう,その他
口座からいくらかお金を出したい,その他
ATMに慣れてないから、窓口でお金を出してもらう,その他
引き下ろしがしとうて銀行に来た,その他
野口英世に会いたか,その他
ATMに慣れとらんけん、窓口でお金ば出してもらう,その他
樋口一葉を3人引き出す,その他
最近出費が激しくて、多めに下ろしておこう,その他
預金を崩したいのだけどATMの使い方が分からん,その他
一度に引き下ろせる金額はいくらですか,その他
コンビニより銀行のATMで直接お金を下ろす方が手数料がかからん,その他
ATMで現金を引き出したいが何時まで開いてるか,その他
最近出費が激しゅうて、多めに下ろしとこう,その他
お金ば引き出したかが何時まで開いとーか,その他
口座から引き出したいんだが、うまくいかない,その他
娘が事故を起こしたらしく、すぐに現金が必要で,その他
次は絶対勝てるから1万だけ下ろしたい,その他
通帳でのお金の下ろし方が分からない,その他
詐欺には気をつけているが、今すぐ大金が要ると言われたので下ろす,その他
急遽、口座を変える必要が出来たので全額引き出したい,その他
息子が通帳を勝手に持ち出し、お金を下ろしていた,その他
父はいつでもお金を下ろせるように、常に通帳と印鑑を持ち歩いている,その他
お金を引き出すときに気をつけることはありますか,その他
お金を下ろすには、通帳と印鑑もしくはカードが必要である,その他
先月は、お金を引き出しすぎたので今月は押さえるつもりだ,その他
こまめに引き出すより、まとめてドカンと下ろす方がスマートだと思う,その他
今すぐ500万が必要になった,その他
お札を下ろしたときにピン札が混ざっていた、今日はいいことあるかも,その他
二千円札を手に入れるためには、窓口で下ろさなければならない,その他
母が隠れてへそくり用の口座からお金を下ろしているのを見た,その他
お金を引き出す際に、暗証番号をど忘れしてしまった,その他
お金を引き下ろす時は、お気に入りの銀行窓口嬢にいつも頼んでいる,その他
お金を下ろしたかったら、我が輩を倒してから行け,その他
引き出したお金を忘れず財布に入れる,その他
コミケのために大金を引き出しておかなければ,その他
友達に自慢するために100万円を引き出す,その他
一度に下ろせる金額は決まっているはずだ,その他
ボーナスが入ったから、後輩におごるためにいくらか下ろしておこう,その他
引き出した金額が大きすぎて、銀行側でボディガードをつけてもらった,その他
預けたい,その他
預けてえ,その他
預けてえち思う,その他
預金してえ,その他
預金してえち思う,その他
預金してえんやけど,その他
預けたか,その他
預けたかばい,その他
預けたかて思う,その他
預金したか,その他
預金ばしに来た,その他
預金したかて思う,その他
預けたいち思う,その他
預金したいんじゃけ,その他
預けてー思う,その他
預金してえ思う,その他
預けてえ思う,その他
預けたい思う,その他
預金したい思う,その他
預金したいんじゃけど,その他
預けとおす,その他
預けたいや,その他
預げに来だ,その他
預金に来だ,その他
預金さ来た,その他
預金すたい,その他
預金ばしに来た,その他
預けんかい来た,その他
預金すたい,その他
預けたいわよ,その他
預けたいよ,その他
預けたいと思うわ,その他
預けに来たわよ,その他
預金したいわ,その他
預金に来たわよ,その他
預金をしに来たわよ,その他
預金したいわ,その他
預金したいと思うわ,その他
預けに来たお,その他
預けたいっちゃ,その他
預けたいです,その他
預けたいと思う,その他
預けに来た,その他
預金したい,その他
預金に来た,その他
預金をしに来た,その他
預金したい,その他
預金したいと思ってる,その他
預金したいんですけど,その他
預金でお願いします,その他
私は預金しに来た,その他
わたしはお金を預けたい,その他
預金したい、私は,その他
預けに来た、私は,その他
今日の私の目標は、忘れず預金しにいくこと,その他
僕は預金しに来た,その他
すいません、ぼくはお金を預けたいんですけど,その他
預金しに来た、ぼくは,その他
預けに来た、僕が,その他
僕はお年玉を貯金しに来た,その他
俺は預金したい,その他
おれはお金を預けに来た,その他
預金したい、俺は,その他
現金を預けに来た、俺が,その他
俺は貯まってきたお金を預金するために来ました,その他
うち、お金預けたい,その他
うちは貯金したいんやけど,その他
預金したい、うちは,その他
お金預けに来たよ、うちは,その他
うち、毎月3万円ずつ貯金してるんよ,その他
自分は預金しに参った,その他
自分はお金を預けに参った,その他
預金したいと思っている、自分は,その他
いくらかお金を預けたくてやってきた、自分が,その他
自分でお金を預けるなんていつぶりだろうか,その他
わしは貯金したい,その他
すまんが、わしはお金を預けたい,その他
預金したいのだが、わしは,その他
わざわざお金を預けに来たぞ、わしが,その他
わしの最近の楽しみはちょくちょくお金を預けて、口座の残高が増えてゆくことじゃ,その他
一度に預けられる金額を知りたい,その他
福沢諭吉を5人預ける,その他
預金したいけど、銀行は何時まで開いてる,その他
ATMでお金を預けたいのだが、通帳は使えるか,その他
一回で入れらる金額ば知りたか,その他
野口英世ば10人預くる,その他
預金したかばってん、銀行は何時まで開いとー,その他
ATMでお金ば預けたかと,その他
預金しに行きたいけど、銀行ちゃ何時まで開いとるけ,その他
口座に樋口一葉を3人入れる,その他
バイトで入ったお金をこまめに口座に入れたい,その他
拾ったお金100万円をさりげなく口座に預ける,その他
預金の時に手数料はかかりますか,その他
ATMの使い方に自信が無いので、窓口で預金をしたい,その他
口座に入金する,その他
預けるん時に手数料はかかると,その他
ATMん使い方に自信が無かけん、窓口で預金ばしたか,その他
預金したいんやけど、手数料はかかっけ,その他
60万円をすべて千円札で預けに来た,その他
すいません、預金の仕方が分からないんですけど,その他
老後のために今からお金を貯めておこう,その他
母は、こっそりとへそくり用口座にお金を貯めている,その他
男の甲斐性は、預金額で決まると言っても過言では無い,その他
娘はまじめな性格的にこつこつ貯金しているだろう,その他
なにかあったときのためにお金を貯めておきたい,その他
浪費癖のある息子に無理矢理貯金させる,その他
父は、将来の子供達のためにこまめに預金している,その他
預金しに来たが、いくら預けようか,その他
小銭もまとめて預けられますか,その他
お金を預けるときに、なにに気をつけるべきですか,その他
預金するために三千里の道のりを歩いてきた,その他
将来のためにちょっとずつでもお金を貯めてゆこう,その他
起業するために先月からお金を貯めているのだよ,その他
月末は預金すると決めていてね,その他
お金を預けたいのは山々だが、すぐ必要になるかもしれないから、とりあえず10万だけ預けておこう,その他
新しい口座を作ったし、せっかくだから20万入れておこう,その他
口座の作り方から預金の仕方まで教えてほしい,その他
さっさとお金いれて帰りたい,その他
最近、税率が上がったり何かと不安だから、貯金だけはしておきたいんですよ,その他
お金は裏切らないからたくさん持っておくにこしたことはない,その他
急なのですが明日部屋を取りたいです,その他
部屋は空いてますか,その他
部屋を予約したいです,その他
部屋の予約をしてもいいですか,その他
どこの部屋が空いていますか,その他
男性のシングルで部屋を予約したい,その他
シングルの部屋はありますか,その他
空いている部屋で予約したい,その他
部屋の予約をしてちょーだい,その他
部屋ば取りたい,その他
どこん部屋の空いてる,その他
空いとる部屋はあっけんか聞きよったい,その他
どこん部屋が空いていまっしゃろか,その他
一部屋予約したいのですが,その他
部屋は空いてまっしゃろか,その他
部屋を取りたいねん,その他
部屋を予約したいねん,その他
部屋の予約をしてもかまへんか,その他
シングルん部屋はあるかえ,その他
空いちょん部屋はあるか聞きてえ,その他
部屋ば取りたかばい,その他
部屋は空いとーと,その他
部屋ば予約したかばい,その他
部屋ん予約ばしたっちゃよかか,その他
どこん部屋が空いとーと,その他
シングルん部屋はあると,その他
空いとー部屋はあるか聞きたか,その他
シングルの部屋はあっけ,その他
空いとる部屋はあるか聞きたい,その他
部屋ちゃ空いとるか,その他
部屋の予約をしてもいいやけ,その他
二人で部屋を予約したい,その他
スイートルームを予約したい,その他
13日に部屋を取ってほしい,その他
まだ部屋は埋まってないですか,その他
宿泊したいので予約してほしい,その他
空いてる部屋はのこってますか,その他
空室はありますか,その他
宿泊したいです,その他
2泊で予約したい,その他
泊まりたい,その他
素泊まりで予約したい,その他
素泊まりでなんぼか,その他
空いとー部屋はのこっとーと,その他
空室はあると,その他
宿泊したかばい,その他
2泊で予約したか,その他
泊まりたか,その他
素泊まりでいくらと,その他
どこの部屋が空いとるか,その他
前に泊まったときはもっと安かった気がする,その他
何泊まで宿泊できますか,その他
男女二人で同じ部屋とれますか,その他
五人分部屋とるんで安くなりますか,その他
今の時期って部屋空いてますか,その他
ツインで空いてるところあるかい,その他
キングサイズのベッドおいてるとこがいい,その他
三ヶ月先の予約していいですか,その他
何日前までなら予約できますか,その他
当日予約ってできますか,その他
眺めのいいところを一部屋とってほしい,その他
1番高い部屋をお願いするよ,その他
非常階段が近いところならどこでも大丈夫です,その他
ハネムーンで行くので思い出に残るような部屋でお願いします,その他
急で申し訳ないんですけど、一番大きい部屋が欲しいです,その他
二部屋欲しいんですけど、チェックインは何時までですか,その他
禁煙の部屋欲しいです,その他
部屋の設備はどんな感じになってますか,その他
今週の土日で部屋とりたいんですけど、いけますか,その他
大人３にんで泊まれるところ探してます,その他
予約の変更をしたい,その他
変更してもいいですか,その他
日程をずらしたい,その他
日程を変えたい,その他
部屋の変更をしたい,その他
部屋を変えたい,その他
日程の変更をしたい,その他
部屋を変えてほしい,その他
別のところにしてほしい,その他
別の部屋に変えたい,その他
別のとこにしてちょーだい,その他
変更してちょーだい,その他
部屋ば変えたい,その他
部屋ば変えてほしか,その他
別んとこにしてほしか,その他
別んとこに変えたい,その他
変更してもかまへんか,その他
予約の変更ばしたい,その他
変更してもいいじゃか,その他
日程ば変えて,その他
部屋の変更ばしたい,その他
部屋ば変えて,その他
日程の変更ばしたい,その他
部屋ば変えてほしい,その他
変更してもいいやけ,その他
部屋を変えてほしか,その他
別ん部屋にしてほしか,その他
予約ん変更ばしたか,その他
変更したっちゃよかか,その他
日程ばずらしたか,その他
日程ば変えたか,その他
部屋ん変更ばしたか,その他
部屋ば変えたか,その他
日程ん変更ばしたか,その他
部屋ば変えてほしか,その他
別ん部屋にしてほしか,その他
別ん部屋に変えたか,その他
変更してもええどすか,その他
部屋を変えてほしおす,その他
予約を取り直したい,その他
部屋を取り直したい,その他
宿泊プランを変えたい,その他
変更は可能ですか,その他
予約ば取り直したか,その他
部屋ば取り直したか,その他
宿泊プランば変えたか,その他
変更は可能と,その他
変更ちゃ可能やけ,その他
変更は可能かしら,その他
別の部屋にしてほしおす,その他
急で申し訳ないんですけど、部屋を変えて欲しい,その他
もっと眺めのいい部屋にして欲しい,その他
たばこのにおいが残ってるから別の部屋に変えてくれ,その他
宿泊人数に少し変更があって、大人二人増やして欲しい,その他
明日で予約してたけど、部屋の変更って出来ますか,その他
プランの変更って出来ますか,その他
渋滞してて、チェックイン時間に間に合わないかもしれないです,その他
素泊まりから一泊に変更できる？,その他
宿泊日数を増やすことって今からでも出来る？,その他
日にち間違えてて、一週間ずらせない？,その他
23日に予約してる田中と言います。シングルからツインに変更して欲しいです,その他
すいません、明日泊まる予定の鈴木です。チェックイン予定時間を少し遅くして欲しいです,その他
プラン変更っていつまでならできますか？,その他
学割プランに変えてほしいんですけども,その他
畳のある部屋に変えて欲しいです,その他
三泊で予約していたのですが一泊に減らすことって出来ますか？,その他
スイートルームに変えてくれ,その他
朝食付きにプラン変更したい,その他
朝食は無しに変えといてくれ,その他
男女二人から男一人に変更してくれ,その他
キャンセルしたい,その他
キャンセルしたいんやけど,その他
キャンセルしてほしい,その他
キャンセルしてもらいたい,その他
取り消してほしい,その他
取り消したい,その他
取りやめたい,その他
取りやめてほしい,その他
取り消してもらいたい,その他
解約してほしい,その他
解約したい,その他
キャンセルしたいのですが,その他
キャンセルしてほしおす,その他
取りやめてほしおす,その他
部屋を解約してほしおす,その他
解約したいんやけど,その他
予約ばキャンセルしたか,その他
部屋ばキャンセルしたか,その他
キャンセルしてほしか,その他
キャンセルしてもらいたか,その他
宿泊ば取り消してほしか,その他
予約ば取り消したか,その他
宿泊ば取りやめたか,その他
予約ば取りやめてほしか,その他
取り消してもらいたか,その他
部屋ば解約してほしか,その他
解約したか,その他
キャンセルしたかっちゃけど,その他
キャンセルしたかとけど,その他
キャンセルしたいのんだども,その他
宿泊の取り消しはできますか,その他
行けなくなりました,その他
キャンセルでお願いします,その他
宿泊をキャンセルでお願いします,その他
部屋ん取り消しはできると,その他
行けんくなった,その他
取り消しはできっけ,その他
行けんくなった,その他
宿泊を消してほしい,その他
予約を消したい,その他
都合が悪くなった,その他
宿泊ば消してほしか,その他
予約ば消したか,その他
都合が悪うなった,その他
予約を消してほしおす,その他
都合が悪なった,その他
宿泊を無くしてほしい,その他
キャンセルできますか,その他
予約ば無うしてほしか,その他
キャンセルできっけ,その他
急ですいません、部屋をキャンセルしてほしいんですが,その他
11日にとってた部屋なんですけど解約したいです,その他
急に申し訳ないのですが、宿泊をキャンセルしたいです,その他
急に予定が入り、行けなくなりました,その他
体調が優れないので今日の宿泊は行けません,その他
やっぱり、部屋の予約は無かったことにしてくれ,その他
4日に宿泊予定だったが取りやめて欲しい,その他
用事が出来たため今日の宿泊はキャンセルで,その他
もっといいホテルを見つけてしまったから、こっちはキャンセルでよろ,その他
宿泊するつもりだったが行けそうにないため、部屋の予約は取り消しといてくれ,その他
予定が頓挫してしまって、せっかく部屋を取ってもらってたが、無しにしてくれ,その他
別のホテルの方が良さそうだったから、こっちの部屋は解約しといてくれ,その他
知り合いからこのホテルの悪評を聞いてしまって、この部屋で泊まりたくない,その他
前日にキャンセルは出来るか聞きたい,その他
いつまでならキャンセル料は発生しない？,その他
電話で予約の取り消しをお願いしたのだが反映されてないぞ,その他
佐藤で予約している者だが、部屋をキャンセルして欲しい,その他
台風で行けなくなってしまった。この場合でもキャンセル料ってかかる？,その他
下見したらひどいホテルだった。部屋を解約しといてくれ,その他
思いの外天候が悪い。別のところで泊まるから予約は消してくれ,その他
